"name","date","caption"
"heights1","2017","This is a test caption"
"arno1","June 2019","This is a test caption"
"css1","2017","This is a test caption"
"sw-6","Summer 2018","This is a test caption"
"march7","Winter 2019","This is a test caption"
"march10","Winter 2019","This is a test caption"
"kadi","2019","This is a test caption"
"heights5","2017","This is a test caption"
"mus2","Winter 2019","This is a test caption"
"cycling2","Spring 2018","This is a test caption"
"cycling4","Spring 2018","This is a test caption"
"cycling5","Spring 2018","This is a test caption"
"cycling1","Spring 2018","This is a test caption"